Layer,	Cycles,	% Utilization,
Conv,	12272,	90.04092474125987,
Res_conv1,	184352,	90.29442307066411,
Res_conv2,	184352,	90.29442307066411,
ValueHead_conv,	3081,	2.9290533685064934,
ValueHead_FC1,	2920,	3.0752183967112026,
ValueHead_FC2,	257,	0.09765625,
PolicyHead_Conv,	3082,	5.858328683035714,
PolidyHead_FC,	8674,	2.942399814798801,
