Layer,	Cycles,	% Utilization,
Conv,	15288,	95.75320512820514,
Res_conv1,	221760,	100.0,
Res_conv2,	221760,	100.0,
ValueHead_conv,	3408,	3.125,
ValueHead_FC1,	8944,	96.7212656529517,
ValueHead_FC2,	528,	3.125,
PolicyHead_Conv,	3416,	6.25,
PolidyHead_FC,	25930,	94.19523416409564,
