Layer,	Cycles,	% Utilization,
Embedding,	67840,	98.25968517460596,
Attn_Xmap,	576,	5.2228260869565215,
Attn_Kmap,	576,	5.2228260869565215,
Attn_Qmap,	576,	5.2228260869565215,
Attn_QxK',	128,	0.7787776898734177,
Attn_SFMXxV,	1028,	0.3889134006815969,
Attn_Concat_map,	1280,	17.523455824863174,
FFN1,	4352,	22.802229372558035,
FFN2,	4352,	22.802229372558035,
